{
	"object_name":       "Foam_brick",
	"symmetric_axis":    222,
	"inner_transform":   [
		[ 0.99955, -0.0299955, 0.0, 0.0 ],
		[ 0.0299955, 0.99955, 0.0, 0.0 ],
		[ 0.0, 0.0, 1.0, -0.00829999 ],
		[ 0.0, 0.0, 0.0, 1.0 ]
	],
	"rotation_matrix":   [
		[ 0.99955, -0.0299955, 0.0 ],
		[ 0.0299955, 0.99955, 0.0 ],
		[ 0.0, 0.0, 1.0 ]
	],
	"transition_matrix": [
		[ 0.0 ],
		[ 0.0 ],
		[ -0.00829999 ]
	],
	"gravity_center":    [ 0.0, 0.0, 0.0 ],
	"plane_feature":     {
		"plane_approximated":    [
			false,
			false,
			false,
			false,
			false,
			false
		],
		"plane_normals":         [
			[ 1, 0, 0 ],
			[ -1, 0, 0 ],
			[ 0, 1, 0 ],
			[ 0, -1, 0 ],
			[ 0, 0, 1 ],
			[ 0, 0, -1 ]
		],
		"plane_centers":         [
			[ 0.0265, 0, 0 ],
			[ -0.0265, 0, 0 ],
			[ 0, 0.039, 0 ],
			[ 0, -0.039, 0 ],
			[ 0, 0, 0.0255 ],
			[ 0, 0, -0.0255 ]
		],
		"plane_boundary_points": [
			[ 0.0265, 0.039, 0.0255 ],
			[ 0.0265, 0.039, -0.0255 ],
			[ 0.0265, -0.039, -0.0255 ],
			[ 0.0265, -0.039, 0.0255 ],
			[ -0.0265, -0.039, 0.0255 ],
			[ -0.0265, 0.039, 0.0255 ],
			[ -0.0265, 0.039, -0.0255 ],
			[ -0.0265, -0.039, -0.0255 ],
			[ 0.0265, 0.039, 0.0255 ],
			[ 0.0265, 0.039, -0.0255 ],
			[ -0.0265, 0.039, -0.0255 ],
			[ -0.0265, 0.039, 0.0255 ],
			[ 0.0265, -0.039, -0.0255 ],
			[ 0.0265, -0.039, 0.0255 ],
			[ -0.0265, -0.039, 0.0255 ],
			[ -0.0265, -0.039, -0.0255 ],
			[ 0.0265, 0.039, 0.0255 ],
			[ 0.0265, -0.039, 0.0255 ],
			[ -0.0265, -0.039, 0.0255 ],
			[ -0.0265, 0.039, 0.0255 ],
			[ 0.0265, 0.039, -0.0255 ],
			[ 0.0265, -0.039, -0.0255 ],
			[ -0.0265, -0.039, -0.0255 ],
			[ -0.0265, 0.039, -0.0255 ]
		]
	},
	"surf_feature":      {
		"surf_approximated":        [
			false,
			false,
			false,
			false,
			false,
			false,
			false,
			false,
			false,
			false,
			false,
			false
		],
		"surf_directions":          [
			[ 1, 0, 0 ],
			[ 1, 0, 0 ],
			[ 1, 0, 0 ],
			[ 1, 0, 0 ],
			[ 0, 1, 0 ],
			[ 0, 1, 0 ],
			[ 0, 1, 0 ],
			[ 0, 1, 0 ],
			[ 0, 0, 1 ],
			[ 0, 0, 1 ],
			[ 0, 0, 1 ],
			[ 0, 0, 1 ]
		],
		"surf_centers":             [
			[ 0, 0.039, 0.0255 ],
			[ 0, 0.039, -0.0255 ],
			[ 0, -0.039, -0.0255 ],
			[ 0, -0.039, 0.0255 ],
			[ -0.0265, 0, 0.0255 ],
			[ -0.0265, 0, -0.0255 ],
			[ 0.0265, 0, -0.0255 ],
			[ 0.0265, 0, 0.0255 ],
			[ 0.0265, 0.039, 0 ],
			[ 0.0265, -0.039, 0 ],
			[ -0.0265, -0.039, 0 ],
			[ -0.0265, 0.039, 0 ]
		],
		"surf_radius":              [ 0, 0, 0, 0, 0, 0, 0, 0, 0, 0, 0, 0 ],
		"surf_boundary_directions": [
			[ 0, 1, 0 ],
			[ 0, 0, 1 ],
			[ 0, 0, -1 ],
			[ 0, 1, 0 ],
			[ 0, -1, 0 ],
			[ 0, 0, -1 ],
			[ 0, 0, 1 ],
			[ 0, -1, 0 ],
			[ -1, 0, 0 ],
			[ 0, 0, 1 ],
			[ 0, 0, -1 ],
			[ -1, 0, 0 ],
			[ 1, 0, 0 ],
			[ 0, 0, -1 ],
			[ 0, 0, 1 ],
			[ 1, 0, 0 ],
			[ 1, 0, 0 ],
			[ 0, 1, 0 ],
			[ 0, -1, 0 ],
			[ 1, 0, 0 ],
			[ -1, 0, 0 ],
			[ 0, -1, 0 ],
			[ 0, 1, 0 ],
			[ -1, 0, 0 ]
		],
		"surf_boundary_points":     [
			[ -0.0265, 0.039, 0.0255 ],
			[ 0.0265, 0.039, 0.0255 ],
			[ -0.0265, 0.039, -0.0255 ],
			[ 0.0265, 0.039, -0.0255 ],
			[ -0.0265, -0.039, -0.0255 ],
			[ 0.0265, -0.039, -0.0255 ],
			[ -0.0265, -0.039, 0.0255 ],
			[ 0.0265, -0.039, 0.0255 ],
			[ -0.0265, -0.039, 0.0255 ],
			[ -0.0265, 0.039, 0.0255 ],
			[ -0.0265, -0.039, -0.0255 ],
			[ -0.0265, 0.039, -0.0255 ],
			[ 0.0265, -0.039, -0.0255 ],
			[ 0.0265, 0.039, -0.0255 ],
			[ 0.0265, -0.039, 0.0255 ],
			[ 0.0265, 0.039, 0.0255 ],
			[ 0.0265, 0.039, -0.0255 ],
			[ 0.0265, 0.039, 0.0255 ],
			[ 0.0265, -0.039, -0.0255 ],
			[ 0.0265, -0.039, 0.0255 ],
			[ -0.0265, -0.039, -0.0255 ],
			[ -0.0265, -0.039, 0.0255 ],
			[ -0.0265, 0.039, -0.0255 ],
			[ -0.0265, 0.039, 0.0255 ]
		]
	}
}
