{
	"object_name":       "Gelatin_box",
	"symmetric_axis":    222,
	"inner_transform":   [
		[ 0.973666, 0.227978, 0.0, 0.0008 ],
		[ -0.227978, 0.973666, 0.0, -0.0011 ],
		[ 0.0, 0.0, 1.0, 0.0043 ],
		[ 0.0, 0.0, 0.0, 1.0 ]
	],
	"rotation_matrix":   [
		[ 0.973666, 0.227978, 0.0 ],
		[ -0.227978, 0.973666, 0.0 ],
		[ 0.0, 0.0, 1.0 ]
	],
	"transition_matrix": [
		[ 0.0008 ],
		[ -0.0011 ],
		[ 0.0043 ]
	],
	"gravity_center":    [ 0.0, 0.0, 0.0 ],
	"plane_feature":     {
		"plane_approximated":    [
			false,
			false,
			false,
			false,
			false,
			false
		],
		"plane_normals":         [
			[ 1, 0, 0 ],
			[ -1, 0, 0 ],
			[ 0, 1, 0 ],
			[ 0, -1, 0 ],
			[ 0, 0, 1 ],
			[ 0, 0, -1 ]
		],
		"plane_centers":         [
			[ 0.0365, 0, 0 ],
			[ -0.0365, 0, 0 ],
			[ 0, 0.0445, 0 ],
			[ 0, -0.0445, 0 ],
			[ 0, 0, 0.0135 ],
			[ 0, 0, -0.0135 ]
		],
		"plane_boundary_points": [
			[ 0.0365, 0.0445, 0.0135 ],
			[ 0.0365, 0.0445, -0.0135 ],
			[ 0.0365, -0.0445, -0.0135 ],
			[ 0.0365, -0.0445, 0.0135 ],
			[ -0.0365, -0.0445, 0.0135 ],
			[ -0.0365, 0.0445, 0.0135 ],
			[ -0.0365, 0.0445, -0.0135 ],
			[ -0.0365, -0.0445, -0.0135 ],
			[ 0.0365, 0.0445, 0.0135 ],
			[ 0.0365, 0.0445, -0.0135 ],
			[ -0.0365, 0.0445, -0.0135 ],
			[ -0.0365, 0.0445, 0.0135 ],
			[ 0.0365, -0.0445, -0.0135 ],
			[ 0.0365, -0.0445, 0.0135 ],
			[ -0.0365, -0.0445, 0.0135 ],
			[ -0.0365, -0.0445, -0.0135 ],
			[ 0.0365, 0.0445, 0.0135 ],
			[ 0.0365, -0.0445, 0.0135 ],
			[ -0.0365, -0.0445, 0.0135 ],
			[ -0.0365, 0.0445, 0.0135 ],
			[ 0.0365, 0.0445, -0.0135 ],
			[ 0.0365, -0.0445, -0.0135 ],
			[ -0.0365, -0.0445, -0.0135 ],
			[ -0.0365, 0.0445, -0.0135 ]
		]
	},
	"surf_feature":      {
		"surf_approximated":        [
			false,
			false,
			false,
			false,
			false,
			false,
			false,
			false,
			false,
			false,
			false,
			false
		],
		"surf_directions":          [
			[ 1, 0, 0 ],
			[ 1, 0, 0 ],
			[ 1, 0, 0 ],
			[ 1, 0, 0 ],
			[ 0, 1, 0 ],
			[ 0, 1, 0 ],
			[ 0, 1, 0 ],
			[ 0, 1, 0 ],
			[ 0, 0, 1 ],
			[ 0, 0, 1 ],
			[ 0, 0, 1 ],
			[ 0, 0, 1 ]
		],
		"surf_centers":             [
			[ 0, 0.0445, 0.0135 ],
			[ 0, 0.0445, -0.0135 ],
			[ 0, -0.0445, -0.0135 ],
			[ 0, -0.0445, 0.0135 ],
			[ -0.0365, 0, 0.0135 ],
			[ -0.0365, 0, -0.0135 ],
			[ 0.0365, 0, -0.0135 ],
			[ 0.0365, 0, 0.0135 ],
			[ 0.0365, 0.0445, 0 ],
			[ 0.0365, -0.0445, 0 ],
			[ -0.0365, -0.0445, 0 ],
			[ -0.0365, 0.0445, 0 ]
		],
		"surf_radius":              [ 0, 0, 0, 0, 0, 0, 0, 0, 0, 0, 0, 0 ],
		"surf_boundary_directions": [
			[ 0, 1, 0 ],
			[ 0, 0, 1 ],
			[ 0, 0, -1 ],
			[ 0, 1, 0 ],
			[ 0, -1, 0 ],
			[ 0, 0, -1 ],
			[ 0, 0, 1 ],
			[ 0, -1, 0 ],
			[ -1, 0, 0 ],
			[ 0, 0, 1 ],
			[ 0, 0, -1 ],
			[ -1, 0, 0 ],
			[ 1, 0, 0 ],
			[ 0, 0, -1 ],
			[ 0, 0, 1 ],
			[ 1, 0, 0 ],
			[ 1, 0, 0 ],
			[ 0, 1, 0 ],
			[ 0, -1, 0 ],
			[ 1, 0, 0 ],
			[ -1, 0, 0 ],
			[ 0, -1, 0 ],
			[ 0, 1, 0 ],
			[ -1, 0, 0 ]
		],
		"surf_boundary_points":     [
			[ -0.0365, 0.0445, 0.0135 ],
			[ 0.0365, 0.0445, 0.0135 ],
			[ -0.0365, 0.0445, -0.0135 ],
			[ 0.0365, 0.0445, -0.0135 ],
			[ -0.0365, -0.0445, -0.0135 ],
			[ 0.0365, -0.0445, -0.0135 ],
			[ -0.0365, -0.0445, 0.0135 ],
			[ 0.0365, -0.0445, 0.0135 ],
			[ -0.0365, -0.0445, 0.0135 ],
			[ -0.0365, 0.0445, 0.0135 ],
			[ -0.0365, -0.0445, -0.0135 ],
			[ -0.0365, 0.0445, -0.0135 ],
			[ 0.0365, -0.0445, -0.0135 ],
			[ 0.0365, 0.0445, -0.0135 ],
			[ 0.0365, -0.0445, 0.0135 ],
			[ 0.0365, 0.0445, 0.0135 ],
			[ 0.0365, 0.0445, -0.0135 ],
			[ 0.0365, 0.0445, 0.0135 ],
			[ 0.0365, -0.0445, -0.0135 ],
			[ 0.0365, -0.0445, 0.0135 ],
			[ -0.0365, -0.0445, -0.0135 ],
			[ -0.0365, -0.0445, 0.0135 ],
			[ -0.0365, 0.0445, -0.0135 ],
			[ -0.0365, 0.0445, 0.0135 ]
		]
	}
}
