{
	"object_name":       "Gelatin_box",
	"inner_transform":   [
		[ 0.9702596999999999, -0.2420661, 0.0, 0.0 ],
		[ 0.2420661, 0.9702596999999999, 0.0, 0.0 ],
		[ 0.0, 0.0, 1.0, 0.0 ],
		[ 0.0, 0.0, 0.0, 1.0 ]
	],
	"rotation_matrix":   [
		[ 0.9702596999999999, -0.2420661, 0.0 ],
		[ 0.2420661, 0.9702596999999999, 0.0 ],
		[ 0.0, 0.0, 1.0 ]
	],
	"transition_matrix": [
		[ 0.0 ],
		[ 0.0 ],
		[ 0.0 ]
	],
	"gravity_center":    [ 0.0, 0.0, 0.0 ],
	"plane_feature":     {
		"plane_approximated":    [
			false,
			false,
			false,
			false,
			false,
			false
		],
		"plane_normals":         [
			[ 1, 0, 0 ],
			[ -1, 0, 0 ],
			[ 0, 1, 0 ],
			[ 0, -1, 0 ],
			[ 0, 0, 1 ],
			[ 0, 0, -1 ]
		],
		"plane_centers":         [
			[ 0.037, 0, 0 ],
			[ -0.037, 0, 0 ],
			[ 0, 0.045, 0 ],
			[ 0, -0.045, 0 ],
			[ 0, 0, 0.015 ],
			[ 0, 0, -0.015 ]
		],
		"plane_boundary_points": [
			[ 0.037, 0.045, 0.015 ],
			[ 0.037, 0.045, -0.015 ],
			[ 0.037, -0.045, -0.015 ],
			[ 0.037, -0.045, 0.015 ],
			[ -0.037, -0.045, 0.015 ],
			[ -0.037, 0.045, 0.015 ],
			[ -0.037, 0.045, -0.015 ],
			[ -0.037, -0.045, -0.015 ],
			[ 0.037, 0.045, 0.015 ],
			[ 0.037, 0.045, -0.015 ],
			[ -0.037, 0.045, -0.015 ],
			[ -0.037, 0.045, 0.015 ],
			[ 0.037, -0.045, -0.015 ],
			[ 0.037, -0.045, 0.015 ],
			[ -0.037, -0.045, 0.015 ],
			[ -0.037, -0.045, -0.015 ],
			[ 0.037, 0.045, 0.015 ],
			[ 0.037, -0.045, 0.015 ],
			[ -0.037, -0.045, 0.015 ],
			[ -0.037, 0.045, 0.015 ],
			[ 0.037, 0.045, -0.015 ],
			[ 0.037, -0.045, -0.015 ],
			[ -0.037, -0.045, -0.015 ],
			[ -0.037, 0.045, -0.015 ]
		]
	},
	"surf_feature":      {
		"surf_approximated":        [
			false,
			false,
			false,
			false,
			false,
			false,
			false,
			false,
			false,
			false,
			false,
			false
		],
		"surf_directions":          [
			[ 1, 0, 0 ],
			[ 1, 0, 0 ],
			[ 1, 0, 0 ],
			[ 1, 0, 0 ],
			[ 0, 1, 0 ],
			[ 0, 1, 0 ],
			[ 0, 1, 0 ],
			[ 0, 1, 0 ],
			[ 0, 0, 1 ],
			[ 0, 0, 1 ],
			[ 0, 0, 1 ],
			[ 0, 0, 1 ]
		],
		"surf_centers":             [
			[ 0, 0.045, 0.015 ],
			[ 0, 0.045, -0.015 ],
			[ 0, -0.045, -0.015 ],
			[ 0, -0.045, 0.015 ],
			[ -0.037, 0, 0.015 ],
			[ -0.037, 0, -0.015 ],
			[ 0.037, 0, -0.015 ],
			[ 0.037, 0, 0.015 ],
			[ 0.037, 0.045, 0 ],
			[ 0.037, -0.045, 0 ],
			[ -0.037, -0.045, 0 ],
			[ -0.037, 0.045, 0 ]
		],
		"surf_radius":              [ 0, 0, 0, 0, 0, 0, 0, 0, 0, 0, 0, 0 ],
		"surf_boundary_directions": [
			[ 0, 1, 0 ],
			[ 0, 0, 1 ],
			[ 0, 0, -1 ],
			[ 0, 1, 0 ],
			[ 0, -1, 0 ],
			[ 0, 0, -1 ],
			[ 0, 0, 1 ],
			[ 0, -1, 0 ],
			[ -1, 0, 0 ],
			[ 0, 0, 1 ],
			[ 0, 0, -1 ],
			[ -1, 0, 0 ],
			[ 1, 0, 0 ],
			[ 0, 0, -1 ],
			[ 0, 0, 1 ],
			[ 1, 0, 0 ],
			[ 1, 0, 0 ],
			[ 0, 1, 0 ],
			[ 0, -1, 0 ],
			[ 1, 0, 0 ],
			[ -1, 0, 0 ],
			[ 0, -1, 0 ],
			[ 0, 1, 0 ],
			[ -1, 0, 0 ]
		],
		"surf_boundary_points":     [
			[ -0.037, 0.045, 0.015 ],
			[ 0.037, 0.045, 0.015 ],
			[ -0.037, 0.045, -0.015 ],
			[ 0.037, 0.045, -0.015 ],
			[ -0.037, -0.045, -0.015 ],
			[ 0.037, -0.045, -0.015 ],
			[ -0.037, -0.045, 0.015 ],
			[ 0.037, -0.045, 0.015 ],
			[ -0.037, -0.045, 0.015 ],
			[ -0.037, 0.045, 0.015 ],
			[ -0.037, -0.045, -0.015 ],
			[ -0.037, 0.045, -0.015 ],
			[ 0.037, -0.045, -0.015 ],
			[ 0.037, 0.045, -0.015 ],
			[ 0.037, -0.045, 0.015 ],
			[ 0.037, 0.045, 0.015 ],
			[ 0.037, 0.045, -0.015 ],
			[ 0.037, 0.045, 0.015 ],
			[ 0.037, -0.045, -0.015 ],
			[ 0.037, -0.045, 0.015 ],
			[ -0.037, -0.045, -0.015 ],
			[ -0.037, -0.045, 0.015 ],
			[ -0.037, 0.045, -0.015 ],
			[ -0.037, 0.045, 0.015 ]
		]
	}
}
