{
    "0" : {
        "name" : "Table",
        "size" : [1.5, 1.5],
        "type" : 0,
        "inner_transform" : [
            [ 1.0, 0.0, 0.0, 0.0 ],
            [ 0.0, 1.0, 0.0, 0.0 ],
            [ 0.0, 0.0, 1.0, 0.0 ],
            [ 0.0, 0.0, 0.0, 1.0 ]
        ]
    },
    "1" : {
        "name" : "Master_chef_can",
        "size" : [0.102, 0.14],
        "type" : 2,
        "inner_transform" : [
            [ 1.0, 0.0, 0.0, 0.0 ],
            [ 0.0, 1.0, 0.0, 0.0 ],
            [ 0.0, 0.0, 1.0, 0.0 ],
            [ 0.0, 0.0, 0.0, 1.0 ]
        ]
    },
    "2" : {
        "name" : "Cracker_box",
        "size" : [0.072, 0.164, 0.213],
        "type" : 1,
        "inner_transform" : [
            [ 1.0, 0.0, 0.0, 0.0 ],
            [ 0.0, 1.0, 0.0, 0.0 ],
            [ 0.0, 0.0, 1.0, 0.0 ],
            [ 0.0, 0.0, 0.0, 1.0 ]
        ]
    },
    "3" : {
        "name" : "Sugar_box",
        "size" : [0.053,0.105,0.186],
        "type" : 1,
        "inner_transform" : [
            [0.9972609, -0.0523360, 0.0522643, 0.0000000],
            [0.0522643, 0.9986295, 0.0027391, 0.0000000],
            [-0.0523360, -0.0000000, 0.9986295, 0.0000000],
            [0.0000000, 0.0000000, 0.0000000, 1.0000000]
        ]
    },
    "4" : {
        "name" : "Tomato_soup_can",
        "size" : [0.068, 0.102],
        "type" : 2,
        "inner_transform" : [
            [ 1.0, 0.0, 0.0, 0.0 ],
            [ 0.0, 1.0, 0.0, 0.0 ],
            [ 0.0, 0.0, 1.0, 0.0 ],
            [ 0.0, 0.0, 0.0, 1.0 ]
        ]
    },
    "5" : {
        "name" : "Mustard_bottle",
        "size" : [0.097, 0.067, 0.191],
        "type" : 1,
        "inner_transform" : [
            [ 1.0, 0.0, 0.0, 0.0 ],
            [ 0.0, 1.0, 0.0, 0.0 ],
            [ 0.0, 0.0, 1.0, 0.0 ],
            [ 0.0, 0.0, 0.0, 1.0 ]
        ]
    },
    "6" : {
        "name" : "Tuna_fish_can",
        "size" : [0.086, 0.033],
        "type" : 2,
        "inner_transform" : [
            [ 1.0, 0.0, 0.0, 0.0 ],
            [ 0.0, 1.0, 0.0, 0.0 ],
            [ 0.0, 0.0, 1.0, 0.0 ],
            [ 0.0, 0.0, 0.0, 1.0 ]
        ]
    },
    "7" : {
        "name" : "Pudding_box",
        "size" : [0.113, 0.09, 0.039],
        "type" : 1,
        "inner_transform" : [
            [0.8828092, 0.4697318, 0.0000000, 0.0000000],
            [-0.4697318,  0.8828092, 0.0000000, 0.0000000],
            [0.0000000,  0.0000000,  1.0000000, 0.0000000],
            [0.0000000,  0.0000000,  0.0000000, 1.0000000]
        ]
    },
    "8" : {
        "name" : "Gelatin_box",
        "size" : [0.074, 0.09, 0.03],
        "type" : 1,
        "inner_transform" : [
            [ 0.9702597, 0.2420661, 0.0000000, 0.0000000],
            [-0.2420661,  0.9702597, 0.0000000, 0.0000000],
            [0.0000000,  0.0000000,  1.0000000, 0.0000000],
            [0.0000000,  0.0000000,  0.0000000, 1.0000000 ]
        ]
    },
    "9" : {
        "name" : "Potted_meat_can",
        "size" : [0.102, 0.06, 0.084],
        "type" : 1,
        "inner_transform" : [
            [ 1.0, 0.0, 0.0, 0.0 ],
            [ 0.0, 1.0, 0.0, 0.0 ],
            [ 0.0, 0.0, 1.0, 0.0 ],
            [ 0.0, 0.0, 0.0, 1.0 ]
        ]
    },
    "10" : {
        "name" : "Banana",
        "size" : [0.109, 0.178, 0.037],
        "type" : 1,
        "inner_transform" : [
            [ 1.0, 0.0, 0.0, 0.0 ],
            [ 0.0, 1.0, 0.0, 0.0 ],
            [ 0.0, 0.0, 1.0, 0.0 ],
            [ 0.0, 0.0, 0.0, 1.0 ]
        ]
    },
    "11" : {
        "name" : "Pitcher_base",
        "size" : [0.149, 0.145, 0.242],
        "type" : 1,
        "inner_transform" : [
            [ 1.0, 0.0, 0.0, 0.0 ],
            [ 0.0, 1.0, 0.0, 0.0 ],
            [ 0.0, 0.0, 1.0, 0.0 ],
            [ 0.0, 0.0, 0.0, 1.0 ]
        ]
    },
    "12" : {
        "name" : "Bleach_cleanser",
        "size" : [0.102, 0.068, 0.251],
        "type" : 1,
        "inner_transform" : [
            [ 1.0, 0.0, 0.0, 0.0 ],
            [ 0.0, 1.0, 0.0, 0.0 ],
            [ 0.0, 0.0, 1.0, 0.0 ],
            [ 0.0, 0.0, 0.0, 1.0 ]
        ]
    },
    "13" : {
        "name" : "Bowl",
        "size" : [0.161, 0.161, 0.055],
        "type" : 1,
        "inner_transform" : [
            [ 1.0, 0.0, 0.0, 0.0 ],
            [ 0.0, 1.0, 0.0, 0.0 ],
            [ 0.0, 0.0, 1.0, 0.0 ],
            [ 0.0, 0.0, 0.0, 1.0 ]
        ]
    },
    "14" : {
        "name" : "Mug",
        "size" : [0.117,0.093,0.081],
        "type" : 1,
        "inner_transform" : [
            [ 1.0, 0.0, 0.0, 0.0 ],
            [ 0.0, 1.0, 0.0, 0.0 ],
            [ 0.0, 0.0, 1.0, 0.0 ],
            [ 0.0, 0.0, 0.0, 1.0 ]
        ]
    },
    "15" : {
        "name" : "Power_drill",
        "size" : [0.184,0.187,0.057],
        "type" : 1,
        "inner_transform" : [
            [ 1.0, 0.0, 0.0, 0.0 ],
            [ 0.0, 1.0, 0.0, 0.0 ],
            [ 0.0, 0.0, 1.0, 0.0 ],
            [ 0.0, 0.0, 0.0, 1.0 ]
        ]
    },
    "16" : {
        "name" : "Wood_block",
        "size" : [0.091,0.091,0.206],
        "type" : 1,
        "inner_transform" : [
            [0.9815540, -0.1911851, 0.0000000, 0.0150000],
            [0.1911851, 0.9815540,  0.0000000, 0.0000000],
            [0.0000000,  0.0000000,  1.0000000, 0.0000000],
            [0.0000000,  0.0000000,  0.0000000, 1.0000000]
        ]
    },
    "17" : {
        "name" : "Scissors",
        "size" : [0.096,0.201,0.016],
        "type" : 1,
        "inner_transform" : [
            [ 1.0, 0.0, 0.0, 0.0 ],
            [ 0.0, 1.0, 0.0, 0.0 ],
            [ 0.0, 0.0, 1.0, 0.0 ],
            [ 0.0, 0.0, 0.0, 1.0 ]
        ]
    },
    "18" : {
        "name" : "Large_marker",
        "size" : [0.021,0.121,0.019],
        "type" : 1,
        "inner_transform" : [
            [ 1.0, 0.0, 0.0, 0.0 ],
            [ 0.0, 1.0, 0.0, 0.0 ],
            [ 0.0, 0.0, 1.0, 0.0 ],
            [ 0.0, 0.0, 0.0, 1.0 ]
        ]
    },
    "19" : {
        "name" : "Large_clamp",
        "size" : [0.12,0.171,0.039],
        "type" : 1,
        "inner_transform" : [
            [ 1.0, 0.0, 0.0, 0.0 ],
            [ 0.0, 1.0, 0.0, 0.0 ],
            [ 0.0, 0.0, 1.0, 0.0 ],
            [ 0.0, 0.0, 0.0, 1.0 ]
        ]
    },
    "20" : {
        "name" : "Extra_Large_clamp",
        "size" : [0.21,0.164,0.036],
        "type" : 1,
        "inner_transform" : [
            [ 1.0, 0.0, 0.0, 0.0 ],
            [ 0.0, 1.0, 0.0, 0.0 ],
            [ 0.0, 0.0, 1.0, 0.0 ],
            [ 0.0, 0.0, 0.0, 1.0 ]
        ]
    },
    "21" : {
        "name" : "Foam_brick",
        "size" : [0.053,0.078,0.051],
        "type" : 1,
        "inner_transform" : [
            [ 1.0, 0.0, 0.0, 0.0 ],
            [ 0.0, 1.0, 0.0, 0.0 ],
            [ 0.0, 0.0, 1.0, 0.0 ],
            [ 0.0, 0.0, 0.0, 1.0 ]
        ]
    }
}