{
    "0" : {
        "name" : "Table",
        "size" : [1.5, 1.5],
        "type" : 0,
        "symmetric_axis" : 221,
        "inner_transform" : [
            [ 1.0, 0.0, 0.0, 0.0 ],
            [ 0.0, 1.0, 0.0, 0.0 ],
            [ 0.0, 0.0, 1.0, 0.0 ],
            [ 0.0, 0.0, 0.0, 1.0 ]
        ],
        "inner_transform_translation": [0.0, 0.0, 0.0],
        "inner_transform_rotation": [0.0, 0.0, 0.0]
    },
    "1" : {
        "name" : "Master_chef_can",
        "size" : [0.102, 0.14],
        "type" : 2,
        "symmetric_axis" : 221,
        "inner_transform" : [
            [ 1.0, 0.0, 0.0, 0.0008 ],
            [ 0.0, 1.0, 0.0, 0.0 ],
            [ 0.0, 0.0, 1.0, 0.0037 ],
            [ 0.0, 0.0, 0.0, 1.0 ]
        ],
        "inner_transform_translation": [0.0008, 0, 0.0037],
        "inner_transform_rotation": [0.0, 0.0, 0.0]
    },
    "2" : {
        "name" : "Cracker_box",
        "size" : [0.060, 0.160, 0.213],
        "type" : 1,
        "symmetric_axis" : 222,
        "inner_transform" : [
            [ 1, 0, 0, 0.0029 ],
            [ 0, 1, 0, 0.0017 ],
            [ 0, 0, 1, 0.0047 ],
            [ 0, 0, 0, 1 ]
        ],
        "inner_transform_translation": [0.0029, 0.0017, 0.0047],
        "inner_transform_rotation": [0.0, 0.0, 0.0]
    },
    "3" : {
        "name" : "Sugar_box",
        "size" : [0.053,0.105,0.186],
        "type" : 1,
        "symmetric_axis" : 222,
        "inner_transform" : [
            [ 0.999278, 0, 0.0379909, 0 ],
            [ 0, 1, 0, 0 ],
            [ -0.0379909, 0, 0.999278, 0.004 ],
            [ 0, 0, 0, 1 ]
        ],
        "inner_transform_translation": [0, 0, 0.004],
        "inner_transform_rotation": [0.0, 0.038, 0.0]
    },
    "4" : {
        "name" : "Tomato_soup_can",
        "size" : [0.068, 0.102],
        "type" : 2,
        "symmetric_axis" : 221,
        "inner_transform" : [
            [ 1, 0, 0, 0 ],
            [ 0, 1, 0, -0.0016 ],
            [ 0, 0, 1, 0.008 ],
            [ 0, 0, 0, 1 ]
        ],
        "inner_transform_translation": [0, -0.0016, 0.008],
        "inner_transform_rotation": [0.0, 0.0, 0.0]
    },
    "5" : {
        "name" : "Mustard_bottle",
        "size" : [0.097, 0.055, 0.191],
        "type" : 1,
        "symmetric_axis" : 2,
        "inner_transform" :[
            [ 0.929774, -0.368132, 0, 0.0002 ],
            [ 0.368132, 0.929774, 0, 0.0015 ],
            [ 0, 0, 1, -0.012 ],
            [ 0, 0, 0, 1 ]
        ],
        "inner_transform_translation": [0.0002, 0.0015, -0.012],
        "inner_transform_rotation": [0, 0, 0.376999]
    },
    "6" : {
        "name" : "Tuna_fish_can",
        "size" : [0.084, 0.033],
        "type" : 2,
        "symmetric_axis" : 221,
        "inner_transform" : [
            [ 1.0, 0.0, 0.0, 0.0 ],
            [ 0.0, 1.0, 0.0, 0.0 ],
            [ 0.0, 0.0, 1.0, 0.0039 ],
            [ 0.0, 0.0, 0.0, 1.0 ]
        ],
        "inner_transform_translation": [0, 0, 0.0039],
        "inner_transform_rotation": [0.0, 0.0, 0.0]
    },
    "7" : {
        "name" : "Pudding_box",
        "size" : [0.113, 0.09, 0.039],
        "type" : 1,
        "symmetric_axis" : 222,
        "inner_transform" :[
            [ 0.881627, 0.470249, 0.0399893, -0.0003 ],
            [ -0.47025, 0.882477, -0.00999183, -0.0039 ],
            [ -0.0399883, -0.00999589, 0.99915, 0.003 ],
            [ 0, 0, 0, 1 ]
        ],
        "inner_transform_translation": [-0.0003, -0.0039, 0.003],
        "inner_transform_rotation": [0.01, 0.04, -0.49]
    },
    "8" : {
        "name" : "Gelatin_box",
        "size" : [0.073,0.089,0.027],
        "type" : 1,
        "symmetric_axis" : 222,
        "inner_transform" : [
            [ 0.973666, 0.227978, 0, 0.0008 ],
            [ -0.227978, 0.973666, 0, -0.0011 ],
            [ 0, 0, 1, 0.0043 ],
            [ 0, 0, 0, 1 ]
        ],
        "inner_transform_translation": [0.0008, -0.0011, 0.0043],
        "inner_transform_rotation": [0, 0, -0.23]
    },
    "9" : {
        "name" : "Potted_meat_can",
        "size" : [0.102, 0.06, 0.083],
        "type" : 1,
        "symmetric_axis" : 222,
        "inner_transform" : [
            [ 0.9987, 0.0499767, -0.00999983, 0.0024 ],
            [ -0.0499792, 0.99875, 0, 0 ],
            [ 0.00998734, 0.000499783, 0.99995, 0.0073 ],
            [ 0, 0, 0, 1 ]
        ],
        "inner_transform_translation": [0.0024, 0, 0.0073],
        "inner_transform_rotation": [0, -0.01, -0.05]
    },
    "10" : {
        "name" : "Banana",
        "size" : [0.109, 0.178, 0.037],
        "type" : 1,
        "symmetric_axis" : 0,
        "inner_transform" : [
            [ 1, 0, 0, -0.0185 ],
            [ 0, 1, 0, 0.0116 ],
            [ 0, 0, 1, -0.0016 ],
            [ 0, 0, 0, 1 ]
        ],
        "inner_transform_translation": [-0.0185, 0.0116, -0.0016],
        "inner_transform_rotation": [0.0, 0.0, 0.0]
    },
    "11" : {
        "name" : "Pitcher_base",
        "size" : [0.149, 0.145, 0.242],
        "type" : 1,
        "symmetric_axis" : 0,
        "inner_transform" : [
            [ 0.993956, -0.109778, 0, 0 ],
            [ 0.109778, 0.993956, 0, 0.0001 ],
            [ 0, 0, 1, 0.026 ],
            [ 0, 0, 0, 1 ]
        ],
        "inner_transform_translation": [0, 0.0001, 0.026],
        "inner_transform_rotation": [0, 0, 0.11]
    },
    "12" : {
        "name" : "Bleach_cleanser",
        "size" : [0.094,0.049,0.242],
        "type" : 1,
        "symmetric_axis" : 0,
        "inner_transform" : [
            [ 1, 0, 0, 0.0023 ],
            [ 0, 1, 0, 0.0002 ],
            [ 0, 0, 1, -0.0108 ],
            [ 0, 0, 0, 1 ]
        ],
        "inner_transform_translation": [0.0023, 0.0002, -0.0108],
        "inner_transform_rotation": [0.0, 0.0, 0.0]
    },
    "13" : {
        "name" : "Bowl",
        "size" : [0.161, 0.161, 0.055],
        "type" : 1,
        "symmetric_axis" : 1,
        "inner_transform" : [
            [ 1, 0, 0, -0.0003 ],
            [ 0, 1, 0, 0.0005 ],
            [ 0, 0, 1, -0.0032 ],
            [ 0, 0, 0, 1 ]
        ],
        "inner_transform_translation": [-0.0003, 0.0005, -0.0032],
        "inner_transform_rotation": [0.0, 0.0, 0.0]
    },
    "14" : {
        "name" : "Mug",
        "size" : [0.117,0.093,0.081],
        "type" : 1,
        "symmetric_axis" : 0,
        "inner_transform" : [
            [ 1.0, 0.0, 0.0, 0.0 ],
            [ 0.0, 1.0, 0.0, 0.0 ],
            [ 0.0, 0.0, 1.0, -0.0017],
            [ 0.0, 0.0, 0.0, 1.0 ]
        ],
        "inner_transform_translation": [0, 0, -0.0017],
        "inner_transform_rotation": [0.0, 0.0, 0.0]
    },
    "15" : {
        "name" : "Power_drill",
        "size" : [0.184,0.187,0.057],
        "type" : 1,
        "symmetric_axis" : 0,
        "inner_transform" : [
            [ 1, 0, 0, 0.00909999 ],
            [ 0, 1, 0, 0.0207 ],
            [ 0, 0, 1, -0.0024 ],
            [ 0, 0, 0, 1 ]
        ],
        "inner_transform_translation": [0.00909999, 0.0207, -0.0024],
        "inner_transform_rotation": [0.0, 0.0, 0.0]
    },
    "16" : {
        "name" : "Wood_block",
        "size" : [0.091,0.091,0.206],
        "type" : 1,
        "symmetric_axis" : 222,
        "inner_transform" : [
            [ 0.980018, -0.198659, 0.00999983, 0.0022 ],
            [ 0.198826, 0.979831, -0.0199977, -0.0001 ],
            [ -0.00582542, 0.0215863, 0.99975, 0.0174 ],
            [ 0, 0, 0, 1 ]
        ],
        "inner_transform_translation": [0.0022, -0.0001, 0.0174],
        "inner_transform_rotation": [0.02, 0.01, 0.2]
    },
    "17" : {
        "name" : "Scissors",
        "size" : [0.096,0.201,0.016],
        "type" : 1,
        "symmetric_axis" : 0,
        "inner_transform" : [
            [ 1.0, 0.0, 0.0, 0.0 ],
            [ 0.0, 1.0, 0.0, 0.0 ],
            [ 0.0, 0.0, 1.0, 0.0 ],
            [ 0.0, 0.0, 0.0, 1.0 ]
        ],
        "inner_transform_translation": [0.0, 0.0, 0.0],
        "inner_transform_rotation": [0.0, 0.0, 0.0]
    },