{
	"object_name":       "Pitcher_base",
	"inner_transform":   [
		[ 0.993956, -0.109778, 0.0, 0.0 ],
		[ 0.109778, 0.993956, 0.0, 0.0001 ],
		[ 0.0, 0.0, 1.0, 0.026 ],
		[ 0.0, 0.0, 0.0, 1.0 ]
	],
	"rotation_matrix":   [
		[ 0.993956, -0.109778, 0.0 ],
		[ 0.109778, 0.993956, 0.0 ],
		[ 0.0, 0.0, 1.0 ]
	],
	"transition_matrix": [
		[ 0.0 ],
		[ 0.0001 ],
		[ 0.026 ]
	],
	"gravity_center":    [ 0.0, 0.0, 0.0 ],
	"plane_feature":     {
		"plane_approximated":    [
			false,
			false,
			false,
			false,
			false,
			false
		],
		"plane_normals":         [
			[ 1, 0, 0 ],
			[ -1, 0, 0 ],
			[ 0, 1, 0 ],
			[ 0, -1, 0 ],
			[ 0, 0, 1 ],
			[ 0, 0, -1 ]
		],
		"plane_centers":         [
			[ 0.0745, 0, 0 ],
			[ -0.0745, 0, 0 ],
			[ 0, 0.0725, 0 ],
			[ 0, -0.0725, 0 ],
			[ 0, 0, 0.121 ],
			[ 0, 0, -0.121 ]
		],
		"plane_boundary_points": [
			[ 0.0745, 0.0725, 0.121 ],
			[ 0.0745, 0.0725, -0.121 ],
			[ 0.0745, -0.0725, -0.121 ],
			[ 0.0745, -0.0725, 0.121 ],
			[ -0.0745, -0.0725, 0.121 ],
			[ -0.0745, 0.0725, 0.121 ],
			[ -0.0745, 0.0725, -0.121 ],
			[ -0.0745, -0.0725, -0.121 ],
			[ 0.0745, 0.0725, 0.121 ],
			[ 0.0745, 0.0725, -0.121 ],
			[ -0.0745, 0.0725, -0.121 ],
			[ -0.0745, 0.0725, 0.121 ],
			[ 0.0745, -0.0725, -0.121 ],
			[ 0.0745, -0.0725, 0.121 ],
			[ -0.0745, -0.0725, 0.121 ],
			[ -0.0745, -0.0725, -0.121 ],
			[ 0.0745, 0.0725, 0.121 ],
			[ 0.0745, -0.0725, 0.121 ],
			[ -0.0745, -0.0725, 0.121 ],
			[ -0.0745, 0.0725, 0.121 ],
			[ 0.0745, 0.0725, -0.121 ],
			[ 0.0745, -0.0725, -0.121 ],
			[ -0.0745, -0.0725, -0.121 ],
			[ -0.0745, 0.0725, -0.121 ]
		]
	},
	"surf_feature":      {
		"surf_approximated":        [
			false,
			false,
			false,
			false,
			false,
			false,
			false,
			false,
			false,
			false,
			false,
			false
		],
		"surf_directions":          [
			[ 1, 0, 0 ],
			[ 1, 0, 0 ],
			[ 1, 0, 0 ],
			[ 1, 0, 0 ],
			[ 0, 1, 0 ],
			[ 0, 1, 0 ],
			[ 0, 1, 0 ],
			[ 0, 1, 0 ],
			[ 0, 0, 1 ],
			[ 0, 0, 1 ],
			[ 0, 0, 1 ],
			[ 0, 0, 1 ]
		],
		"surf_centers":             [
			[ 0, 0.0725, 0.121 ],
			[ 0, 0.0725, -0.121 ],
			[ 0, -0.0725, -0.121 ],
			[ 0, -0.0725, 0.121 ],
			[ -0.0745, 0, 0.121 ],
			[ -0.0745, 0, -0.121 ],
			[ 0.0745, 0, -0.121 ],
			[ 0.0745, 0, 0.121 ],
			[ 0.0745, 0.0725, 0 ],
			[ 0.0745, -0.0725, 0 ],
			[ -0.0745, -0.0725, 0 ],
			[ -0.0745, 0.0725, 0 ]
		],
		"surf_radius":              [ 0, 0, 0, 0, 0, 0, 0, 0, 0, 0, 0, 0 ],
		"surf_boundary_directions": [
			[ 0, 1, 0 ],
			[ 0, 0, 1 ],
			[ 0, 0, -1 ],
			[ 0, 1, 0 ],
			[ 0, -1, 0 ],
			[ 0, 0, -1 ],
			[ 0, 0, 1 ],
			[ 0, -1, 0 ],
			[ -1, 0, 0 ],
			[ 0, 0, 1 ],
			[ 0, 0, -1 ],
			[ -1, 0, 0 ],
			[ 1, 0, 0 ],
			[ 0, 0, -1 ],
			[ 0, 0, 1 ],
			[ 1, 0, 0 ],
			[ 1, 0, 0 ],
			[ 0, 1, 0 ],
			[ 0, -1, 0 ],
			[ 1, 0, 0 ],
			[ -1, 0, 0 ],
			[ 0, -1, 0 ],
			[ 0, 1, 0 ],
			[ -1, 0, 0 ]
		],
		"surf_boundary_points":     [
			[ -0.0745, 0.0725, 0.121 ],
			[ 0.0745, 0.0725, 0.121 ],
			[ -0.0745, 0.0725, -0.121 ],
			[ 0.0745, 0.0725, -0.121 ],
			[ -0.0745, -0.0725, -0.121 ],
			[ 0.0745, -0.0725, -0.121 ],
			[ -0.0745, -0.0725, 0.121 ],
			[ 0.0745, -0.0725, 0.121 ],
			[ -0.0745, -0.0725, 0.121 ],
			[ -0.0745, 0.0725, 0.121 ],
			[ -0.0745, -0.0725, -0.121 ],
			[ -0.0745, 0.0725, -0.121 ],
			[ 0.0745, -0.0725, -0.121 ],
			[ 0.0745, 0.0725, -0.121 ],
			[ 0.0745, -0.0725, 0.121 ],
			[ 0.0745, 0.0725, 0.121 ],
			[ 0.0745, 0.0725, -0.121 ],
			[ 0.0745, 0.0725, 0.121 ],
			[ 0.0745, -0.0725, -0.121 ],
			[ 0.0745, -0.0725, 0.121 ],
			[ -0.0745, -0.0725, -0.121 ],
			[ -0.0745, -0.0725, 0.121 ],
			[ -0.0745, 0.0725, -0.121 ],
			[ -0.0745, 0.0725, 0.121 ]
		]
	}
}
