{
	"object_name":       "Potted_meat_can",
	"symmetric_axis":    222,
	"inner_transform":   [
		[ 0.9987, 0.0499767, -0.00999983, 0.0024 ],
		[ -0.0499792, 0.99875, 0.0, 0.0 ],
		[ 0.00998734, 0.000499783, 0.99995, 0.0073 ],
		[ 0.0, 0.0, 0.0, 1.0 ]
	],
	"rotation_matrix":   [
		[ 0.9987, 0.0499767, -0.00999983 ],
		[ -0.0499792, 0.99875, 0.0 ],
		[ 0.00998734, 0.000499783, 0.99995 ]
	],
	"transition_matrix": [
		[ 0.0024 ],
		[ 0.0 ],
		[ 0.0073 ]
	],
	"gravity_center":    [ 0.0, 0.0, 0.0 ],
	"plane_feature":     {
		"plane_approximated":    [
			false,
			false,
			false,
			false,
			false,
			false
		],
		"plane_normals":         [
			[ 1, 0, 0 ],
			[ -1, 0, 0 ],
			[ 0, 1, 0 ],
			[ 0, -1, 0 ],
			[ 0, 0, 1 ],
			[ 0, 0, -1 ]
		],
		"plane_centers":         [
			[ 0.051, 0, 0 ],
			[ -0.051, 0, 0 ],
			[ 0, 0.03, 0 ],
			[ 0, -0.03, 0 ],
			[ 0, 0, 0.0415 ],
			[ 0, 0, -0.0415 ]
		],
		"plane_boundary_points": [
			[ 0.051, 0.03, 0.0415 ],
			[ 0.051, 0.03, -0.0415 ],
			[ 0.051, -0.03, -0.0415 ],
			[ 0.051, -0.03, 0.0415 ],
			[ -0.051, -0.03, 0.0415 ],
			[ -0.051, 0.03, 0.0415 ],
			[ -0.051, 0.03, -0.0415 ],
			[ -0.051, -0.03, -0.0415 ],
			[ 0.051, 0.03, 0.0415 ],
			[ 0.051, 0.03, -0.0415 ],
			[ -0.051, 0.03, -0.0415 ],
			[ -0.051, 0.03, 0.0415 ],
			[ 0.051, -0.03, -0.0415 ],
			[ 0.051, -0.03, 0.0415 ],
			[ -0.051, -0.03, 0.0415 ],
			[ -0.051, -0.03, -0.0415 ],
			[ 0.051, 0.03, 0.0415 ],
			[ 0.051, -0.03, 0.0415 ],
			[ -0.051, -0.03, 0.0415 ],
			[ -0.051, 0.03, 0.0415 ],
			[ 0.051, 0.03, -0.0415 ],
			[ 0.051, -0.03, -0.0415 ],
			[ -0.051, -0.03, -0.0415 ],
			[ -0.051, 0.03, -0.0415 ]
		]
	},
	"surf_feature":      {
		"surf_approximated":        [
			false,
			false,
			false,
			false,
			false,
			false,
			false,
			false,
			false,
			false,
			false,
			false
		],
		"surf_directions":          [
			[ 1, 0, 0 ],
			[ 1, 0, 0 ],
			[ 1, 0, 0 ],
			[ 1, 0, 0 ],
			[ 0, 1, 0 ],
			[ 0, 1, 0 ],
			[ 0, 1, 0 ],
			[ 0, 1, 0 ],
			[ 0, 0, 1 ],
			[ 0, 0, 1 ],
			[ 0, 0, 1 ],
			[ 0, 0, 1 ]
		],
		"surf_centers":             [
			[ 0, 0.03, 0.0415 ],
			[ 0, 0.03, -0.0415 ],
			[ 0, -0.03, -0.0415 ],
			[ 0, -0.03, 0.0415 ],
			[ -0.051, 0, 0.0415 ],
			[ -0.051, 0, -0.0415 ],
			[ 0.051, 0, -0.0415 ],
			[ 0.051, 0, 0.0415 ],
			[ 0.051, 0.03, 0 ],
			[ 0.051, -0.03, 0 ],
			[ -0.051, -0.03, 0 ],
			[ -0.051, 0.03, 0 ]
		],
		"surf_radius":              [ 0, 0, 0, 0, 0, 0, 0, 0, 0, 0, 0, 0 ],
		"surf_boundary_directions": [
			[ 0, 1, 0 ],
			[ 0, 0, 1 ],
			[ 0, 0, -1 ],
			[ 0, 1, 0 ],
			[ 0, -1, 0 ],
			[ 0, 0, -1 ],
			[ 0, 0, 1 ],
			[ 0, -1, 0 ],
			[ -1, 0, 0 ],
			[ 0, 0, 1 ],
			[ 0, 0, -1 ],
			[ -1, 0, 0 ],
			[ 1, 0, 0 ],
			[ 0, 0, -1 ],
			[ 0, 0, 1 ],
			[ 1, 0, 0 ],
			[ 1, 0, 0 ],
			[ 0, 1, 0 ],
			[ 0, -1, 0 ],
			[ 1, 0, 0 ],
			[ -1, 0, 0 ],
			[ 0, -1, 0 ],
			[ 0, 1, 0 ],
			[ -1, 0, 0 ]
		],
		"surf_boundary_points":     [
			[ -0.051, 0.03, 0.0415 ],
			[ 0.051, 0.03, 0.0415 ],
			[ -0.051, 0.03, -0.0415 ],
			[ 0.051, 0.03, -0.0415 ],
			[ -0.051, -0.03, -0.0415 ],
			[ 0.051, -0.03, -0.0415 ],
			[ -0.051, -0.03, 0.0415 ],
			[ 0.051, -0.03, 0.0415 ],
			[ -0.051, -0.03, 0.0415 ],
			[ -0.051, 0.03, 0.0415 ],
			[ -0.051, -0.03, -0.0415 ],
			[ -0.051, 0.03, -0.0415 ],
			[ 0.051, -0.03, -0.0415 ],
			[ 0.051, 0.03, -0.0415 ],
			[ 0.051, -0.03, 0.0415 ],
			[ 0.051, 0.03, 0.0415 ],
			[ 0.051, 0.03, -0.0415 ],
			[ 0.051, 0.03, 0.0415 ],
			[ 0.051, -0.03, -0.0415 ],
			[ 0.051, -0.03, 0.0415 ],
			[ -0.051, -0.03, -0.0415 ],
			[ -0.051, -0.03, 0.0415 ],
			[ -0.051, 0.03, -0.0415 ],
			[ -0.051, 0.03, 0.0415 ]
		]
	}
}
