{
	"object_name":       "Sugar_box",
	"inner_transform":   [
		[ 0.9972609, 0.0522643, -0.052336, 0.0 ],
		[ -0.052336, 0.9986294999999999, -0.0, 0.0 ],
		[ 0.0522643, 0.0027391, 0.9986294999999999, 0.0 ],
		[ 0.0, 0.0, 0.0, 1.0 ]
	],
	"rotation_matrix":   [
		[ 0.9972609, 0.0522643, -0.052336 ],
		[ -0.052336, 0.9986294999999999, -0.0 ],
		[ 0.0522643, 0.0027391, 0.9986294999999999 ]
	],
	"transition_matrix": [
		[ 0.0 ],
		[ 0.0 ],
		[ 0.0 ]
	],
	"gravity_center":    [ 0.0, 0.0, 0.0 ],
	"plane_feature":     {
		"plane_approximated":    [
			false,
			false,
			false,
			false,
			false,
			false
		],
		"plane_normals":         [
			[ 1, 0, 0 ],
			[ -1, 0, 0 ],
			[ 0, 1, 0 ],
			[ 0, -1, 0 ],
			[ 0, 0, 1 ],
			[ 0, 0, -1 ]
		],
		"plane_centers":         [
			[ 0.0265, 0, 0 ],
			[ -0.0265, 0, 0 ],
			[ 0, 0.0525, 0 ],
			[ 0, -0.0525, 0 ],
			[ 0, 0, 0.093 ],
			[ 0, 0, -0.093 ]
		],
		"plane_boundary_points": [
			[ 0.0265, 0.0525, 0.093 ],
			[ 0.0265, 0.0525, -0.093 ],
			[ 0.0265, -0.0525, -0.093 ],
			[ 0.0265, -0.0525, 0.093 ],
			[ -0.0265, -0.0525, 0.093 ],
			[ -0.0265, 0.0525, 0.093 ],
			[ -0.0265, 0.0525, -0.093 ],
			[ -0.0265, -0.0525, -0.093 ],
			[ 0.0265, 0.0525, 0.093 ],
			[ 0.0265, 0.0525, -0.093 ],
			[ -0.0265, 0.0525, -0.093 ],
			[ -0.0265, 0.0525, 0.093 ],
			[ 0.0265, -0.0525, -0.093 ],
			[ 0.0265, -0.0525, 0.093 ],
			[ -0.0265, -0.0525, 0.093 ],
			[ -0.0265, -0.0525, -0.093 ],
			[ 0.0265, 0.0525, 0.093 ],
			[ 0.0265, -0.0525, 0.093 ],
			[ -0.0265, -0.0525, 0.093 ],
			[ -0.0265, 0.0525, 0.093 ],
			[ 0.0265, 0.0525, -0.093 ],
			[ 0.0265, -0.0525, -0.093 ],
			[ -0.0265, -0.0525, -0.093 ],
			[ -0.0265, 0.0525, -0.093 ]
		]
	},
	"surf_feature":      {
		"surf_approximated":        [
			false,
			false,
			false,
			false,
			false,
			false,
			false,
			false,
			false,
			false,
			false,
			false
		],
		"surf_directions":          [
			[ 1, 0, 0 ],
			[ 1, 0, 0 ],
			[ 1, 0, 0 ],
			[ 1, 0, 0 ],
			[ 0, 1, 0 ],
			[ 0, 1, 0 ],
			[ 0, 1, 0 ],
			[ 0, 1, 0 ],
			[ 0, 0, 1 ],
			[ 0, 0, 1 ],
			[ 0, 0, 1 ],
			[ 0, 0, 1 ]
		],
		"surf_centers":             [
			[ 0, 0.0525, 0.093 ],
			[ 0, 0.0525, -0.093 ],
			[ 0, -0.0525, -0.093 ],
			[ 0, -0.0525, 0.093 ],
			[ -0.0265, 0, 0.093 ],
			[ -0.0265, 0, -0.093 ],
			[ 0.0265, 0, -0.093 ],
			[ 0.0265, 0, 0.093 ],
			[ 0.0265, 0.0525, 0 ],
			[ 0.0265, -0.0525, 0 ],
			[ -0.0265, -0.0525, 0 ],
			[ -0.0265, 0.0525, 0 ]
		],
		"surf_radius":              [ 0, 0, 0, 0, 0, 0, 0, 0, 0, 0, 0, 0 ],
		"surf_boundary_directions": [
			[ 0, 1, 0 ],
			[ 0, 0, 1 ],
			[ 0, 0, -1 ],
			[ 0, 1, 0 ],
			[ 0, -1, 0 ],
			[ 0, 0, -1 ],
			[ 0, 0, 1 ],
			[ 0, -1, 0 ],
			[ -1, 0, 0 ],
			[ 0, 0, 1 ],
			[ 0, 0, -1 ],
			[ -1, 0, 0 ],
			[ 1, 0, 0 ],
			[ 0, 0, -1 ],
			[ 0, 0, 1 ],
			[ 1, 0, 0 ],
			[ 1, 0, 0 ],
			[ 0, 1, 0 ],
			[ 0, -1, 0 ],
			[ 1, 0, 0 ],
			[ -1, 0, 0 ],
			[ 0, -1, 0 ],
			[ 0, 1, 0 ],
			[ -1, 0, 0 ]
		],
		"surf_boundary_points":     [
			[ -0.0265, 0.0525, 0.093 ],
			[ 0.0265, 0.0525, 0.093 ],
			[ -0.0265, 0.0525, -0.093 ],
			[ 0.0265, 0.0525, -0.093 ],
			[ -0.0265, -0.0525, -0.093 ],
			[ 0.0265, -0.0525, -0.093 ],
			[ -0.0265, -0.0525, 0.093 ],
			[ 0.0265, -0.0525, 0.093 ],
			[ -0.0265, -0.0525, 0.093 ],
			[ -0.0265, 0.0525, 0.093 ],
			[ -0.0265, -0.0525, -0.093 ],
			[ -0.0265, 0.0525, -0.093 ],
			[ 0.0265, -0.0525, -0.093 ],
			[ 0.0265, 0.0525, -0.093 ],
			[ 0.0265, -0.0525, 0.093 ],
			[ 0.0265, 0.0525, 0.093 ],
			[ 0.0265, 0.0525, -0.093 ],
			[ 0.0265, 0.0525, 0.093 ],
			[ 0.0265, -0.0525, -0.093 ],
			[ 0.0265, -0.0525, 0.093 ],
			[ -0.0265, -0.0525, -0.093 ],
			[ -0.0265, -0.0525, 0.093 ],
			[ -0.0265, 0.0525, -0.093 ],
			[ -0.0265, 0.0525, 0.093 ]
		]
	}
}
