{
	"object_name":       "Wood_block",
	"symmetric_axis":    222,
	"inner_transform":   [
		[ 0.980018, -0.198659, 0.00999983, 0.0022 ],
		[ 0.198826, 0.979831, -0.0199977, -0.0001 ],
		[ -0.00582542, 0.0215863, 0.99975, 0.0174 ],
		[ 0.0, 0.0, 0.0, 1.0 ]
	],
	"rotation_matrix":   [
		[ 0.980018, -0.198659, 0.00999983 ],
		[ 0.198826, 0.979831, -0.0199977 ],
		[ -0.00582542, 0.0215863, 0.99975 ]
	],
	"transition_matrix": [
		[ 0.0022 ],
		[ -0.0001 ],
		[ 0.0174 ]
	],
	"gravity_center":    [ 0.0, 0.0, 0.0 ],
	"plane_feature":     {
		"plane_approximated":    [
			false,
			false,
			false,
			false,
			false,
			false
		],
		"plane_normals":         [
			[ 1, 0, 0 ],
			[ -1, 0, 0 ],
			[ 0, 1, 0 ],
			[ 0, -1, 0 ],
			[ 0, 0, 1 ],
			[ 0, 0, -1 ]
		],
		"plane_centers":         [
			[ 0.0455, 0, 0 ],
			[ -0.0455, 0, 0 ],
			[ 0, 0.0455, 0 ],
			[ 0, -0.0455, 0 ],
			[ 0, 0, 0.103 ],
			[ 0, 0, -0.103 ]
		],
		"plane_boundary_points": [
			[ 0.0455, 0.0455, 0.103 ],
			[ 0.0455, 0.0455, -0.103 ],
			[ 0.0455, -0.0455, -0.103 ],
			[ 0.0455, -0.0455, 0.103 ],
			[ -0.0455, -0.0455, 0.103 ],
			[ -0.0455, 0.0455, 0.103 ],
			[ -0.0455, 0.0455, -0.103 ],
			[ -0.0455, -0.0455, -0.103 ],
			[ 0.0455, 0.0455, 0.103 ],
			[ 0.0455, 0.0455, -0.103 ],
			[ -0.0455, 0.0455, -0.103 ],
			[ -0.0455, 0.0455, 0.103 ],
			[ 0.0455, -0.0455, -0.103 ],
			[ 0.0455, -0.0455, 0.103 ],
			[ -0.0455, -0.0455, 0.103 ],
			[ -0.0455, -0.0455, -0.103 ],
			[ 0.0455, 0.0455, 0.103 ],
			[ 0.0455, -0.0455, 0.103 ],
			[ -0.0455, -0.0455, 0.103 ],
			[ -0.0455, 0.0455, 0.103 ],
			[ 0.0455, 0.0455, -0.103 ],
			[ 0.0455, -0.0455, -0.103 ],
			[ -0.0455, -0.0455, -0.103 ],
			[ -0.0455, 0.0455, -0.103 ]
		]
	},
	"surf_feature":      {
		"surf_approximated":        [
			false,
			false,
			false,
			false,
			false,
			false,
			false,
			false,
			false,
			false,
			false,
			false
		],
		"surf_directions":          [
			[ 1, 0, 0 ],
			[ 1, 0, 0 ],
			[ 1, 0, 0 ],
			[ 1, 0, 0 ],
			[ 0, 1, 0 ],
			[ 0, 1, 0 ],
			[ 0, 1, 0 ],
			[ 0, 1, 0 ],
			[ 0, 0, 1 ],
			[ 0, 0, 1 ],
			[ 0, 0, 1 ],
			[ 0, 0, 1 ]
		],
		"surf_centers":             [
			[ 0, 0.0455, 0.103 ],
			[ 0, 0.0455, -0.103 ],
			[ 0, -0.0455, -0.103 ],
			[ 0, -0.0455, 0.103 ],
			[ -0.0455, 0, 0.103 ],
			[ -0.0455, 0, -0.103 ],
			[ 0.0455, 0, -0.103 ],
			[ 0.0455, 0, 0.103 ],
			[ 0.0455, 0.0455, 0 ],
			[ 0.0455, -0.0455, 0 ],
			[ -0.0455, -0.0455, 0 ],
			[ -0.0455, 0.0455, 0 ]
		],
		"surf_radius":              [ 0, 0, 0, 0, 0, 0, 0, 0, 0, 0, 0, 0 ],
		"surf_boundary_directions": [
			[ 0, 1, 0 ],
			[ 0, 0, 1 ],
			[ 0, 0, -1 ],
			[ 0, 1, 0 ],
			[ 0, -1, 0 ],
			[ 0, 0, -1 ],
			[ 0, 0, 1 ],
			[ 0, -1, 0 ],
			[ -1, 0, 0 ],
			[ 0, 0, 1 ],
			[ 0, 0, -1 ],
			[ -1, 0, 0 ],
			[ 1, 0, 0 ],
			[ 0, 0, -1 ],
			[ 0, 0, 1 ],
			[ 1, 0, 0 ],
			[ 1, 0, 0 ],
			[ 0, 1, 0 ],
			[ 0, -1, 0 ],
			[ 1, 0, 0 ],
			[ -1, 0, 0 ],
			[ 0, -1, 0 ],
			[ 0, 1, 0 ],
			[ -1, 0, 0 ]
		],
		"surf_boundary_points":     [
			[ -0.0455, 0.0455, 0.103 ],
			[ 0.0455, 0.0455, 0.103 ],
			[ -0.0455, 0.0455, -0.103 ],
			[ 0.0455, 0.0455, -0.103 ],
			[ -0.0455, -0.0455, -0.103 ],
			[ 0.0455, -0.0455, -0.103 ],
			[ -0.0455, -0.0455, 0.103 ],
			[ 0.0455, -0.0455, 0.103 ],
			[ -0.0455, -0.0455, 0.103 ],
			[ -0.0455, 0.0455, 0.103 ],
			[ -0.0455, -0.0455, -0.103 ],
			[ -0.0455, 0.0455, -0.103 ],
			[ 0.0455, -0.0455, -0.103 ],
			[ 0.0455, 0.0455, -0.103 ],
			[ 0.0455, -0.0455, 0.103 ],
			[ 0.0455, 0.0455, 0.103 ],
			[ 0.0455, 0.0455, -0.103 ],
			[ 0.0455, 0.0455, 0.103 ],
			[ 0.0455, -0.0455, -0.103 ],
			[ 0.0455, -0.0455, 0.103 ],
			[ -0.0455, -0.0455, -0.103 ],
			[ -0.0455, -0.0455, 0.103 ],
			[ -0.0455, 0.0455, -0.103 ],
			[ -0.0455, 0.0455, 0.103 ]
		]
	}
}
