{
	"object_name":       "Wood_block",
	"inner_transform":   [
		[ 0.981554, 0.1911851, 0.0, 0.0 ],
		[ -0.1911851, 0.981554, 0.0, 0.0 ],
		[ 0.0, 0.0, 1.0, 0.0 ],
		[ 0.015, 0.0, 0.0, 1.0 ]
	],
	"rotation_matrix":   [
		[ 0.981554, 0.1911851, 0.0 ],
		[ -0.1911851, 0.981554, 0.0 ],
		[ 0.0, 0.0, 1.0 ]
	],
	"transition_matrix": [
		[ 0.0 ],
		[ 0.0 ],
		[ 0.0 ]
	],
	"gravity_center":    [ 0.0, 0.0, 0.0 ],
	"plane_feature":     {
		"plane_approximated":    [
			false,
			false,
			false,
			false,
			false,
			false
		],
		"plane_normals":         [
			[ 1, 0, 0 ],
			[ -1, 0, 0 ],
			[ 0, 1, 0 ],
			[ 0, -1, 0 ],
			[ 0, 0, 1 ],
			[ 0, 0, -1 ]
		],
		"plane_centers":         [
			[ 0.0455, 0, 0 ],
			[ -0.0455, 0, 0 ],
			[ 0, 0.0455, 0 ],
			[ 0, -0.0455, 0 ],
			[ 0, 0, 0.103 ],
			[ 0, 0, -0.103 ]
		],
		"plane_boundary_points": [
			[ 0.0455, 0.0455, 0.103 ],
			[ 0.0455, 0.0455, -0.103 ],
			[ 0.0455, -0.0455, -0.103 ],
			[ 0.0455, -0.0455, 0.103 ],
			[ -0.0455, -0.0455, 0.103 ],
			[ -0.0455, 0.0455, 0.103 ],
			[ -0.0455, 0.0455, -0.103 ],
			[ -0.0455, -0.0455, -0.103 ],
			[ 0.0455, 0.0455, 0.103 ],
			[ 0.0455, 0.0455, -0.103 ],
			[ -0.0455, 0.0455, -0.103 ],
			[ -0.0455, 0.0455, 0.103 ],
			[ 0.0455, -0.0455, -0.103 ],
			[ 0.0455, -0.0455, 0.103 ],
			[ -0.0455, -0.0455, 0.103 ],
			[ -0.0455, -0.0455, -0.103 ],
			[ 0.0455, 0.0455, 0.103 ],
			[ 0.0455, -0.0455, 0.103 ],
			[ -0.0455, -0.0455, 0.103 ],
			[ -0.0455, 0.0455, 0.103 ],
			[ 0.0455, 0.0455, -0.103 ],
			[ 0.0455, -0.0455, -0.103 ],
			[ -0.0455, -0.0455, -0.103 ],
			[ -0.0455, 0.0455, -0.103 ]
		]
	},
	"surf_feature":      {
		"surf_approximated":        [
			false,
			false,
			false,
			false,
			false,
			false,
			false,
			false,
			false,
			false,
			false,
			false
		],
		"surf_directions":          [
			[ 1, 0, 0 ],
			[ 1, 0, 0 ],
			[ 1, 0, 0 ],
			[ 1, 0, 0 ],
			[ 0, 1, 0 ],
			[ 0, 1, 0 ],
			[ 0, 1, 0 ],
			[ 0, 1, 0 ],
			[ 0, 0, 1 ],
			[ 0, 0, 1 ],
			[ 0, 0, 1 ],
			[ 0, 0, 1 ]
		],
		"surf_centers":             [
			[ 0, 0.0455, 0.103 ],
			[ 0, 0.0455, -0.103 ],
			[ 0, -0.0455, -0.103 ],
			[ 0, -0.0455, 0.103 ],
			[ -0.0455, 0, 0.103 ],
			[ -0.0455, 0, -0.103 ],
			[ 0.0455, 0, -0.103 ],
			[ 0.0455, 0, 0.103 ],
			[ 0.0455, 0.0455, 0 ],
			[ 0.0455, -0.0455, 0 ],
			[ -0.0455, -0.0455, 0 ],
			[ -0.0455, 0.0455, 0 ]
		],
		"surf_radius":              [ 0, 0, 0, 0, 0, 0, 0, 0, 0, 0, 0, 0 ],
		"surf_boundary_directions": [
			[ 0, 1, 0 ],
			[ 0, 0, 1 ],
			[ 0, 0, -1 ],
			[ 0, 1, 0 ],
			[ 0, -1, 0 ],
			[ 0, 0, -1 ],
			[ 0, 0, 1 ],
			[ 0, -1, 0 ],
			[ -1, 0, 0 ],
			[ 0, 0, 1 ],
			[ 0, 0, -1 ],
			[ -1, 0, 0 ],
			[ 1, 0, 0 ],
			[ 0, 0, -1 ],
			[ 0, 0, 1 ],
			[ 1, 0, 0 ],
			[ 1, 0, 0 ],
			[ 0, 1, 0 ],
			[ 0, -1, 0 ],
			[ 1, 0, 0 ],
			[ -1, 0, 0 ],
			[ 0, -1, 0 ],
			[ 0, 1, 0 ],
			[ -1, 0, 0 ]
		],
		"surf_boundary_points":     [
			[ -0.0455, 0.0455, 0.103 ],
			[ 0.0455, 0.0455, 0.103 ],
			[ -0.0455, 0.0455, -0.103 ],
			[ 0.0455, 0.0455, -0.103 ],
			[ -0.0455, -0.0455, -0.103 ],
			[ 0.0455, -0.0455, -0.103 ],
			[ -0.0455, -0.0455, 0.103 ],
			[ 0.0455, -0.0455, 0.103 ],
			[ -0.0455, -0.0455, 0.103 ],
			[ -0.0455, 0.0455, 0.103 ],
			[ -0.0455, -0.0455, -0.103 ],
			[ -0.0455, 0.0455, -0.103 ],
			[ 0.0455, -0.0455, -0.103 ],
			[ 0.0455, 0.0455, -0.103 ],
			[ 0.0455, -0.0455, 0.103 ],
			[ 0.0455, 0.0455, 0.103 ],
			[ 0.0455, 0.0455, -0.103 ],
			[ 0.0455, 0.0455, 0.103 ],
			[ 0.0455, -0.0455, -0.103 ],
			[ 0.0455, -0.0455, 0.103 ],
			[ -0.0455, -0.0455, -0.103 ],
			[ -0.0455, -0.0455, 0.103 ],
			[ -0.0455, 0.0455, -0.103 ],
			[ -0.0455, 0.0455, 0.103 ]
		]
	}
}
